"DATE","PLSTN","NBLV","NBRU","TDML+CPOOL","TDMS","TDMF","TDML+TDMS+TDMF+CPOOL","PLAR","TDML","TDML2","TDML2+CPOOL","PLAR2","PLAR2*10000./((TDML2+CPOOL)/(1.0+FRPT))","DMMF","DMGF","TNSF","TNF-TNSF","TNMF","TDMF/(TDML+TDMS+TDMF+CPOOL)","GP","RMAINT","GRESP","SOSIR","CPOOL","PTNLVS","PTNSTM","PTNFRT","NBRU","NBRUP","TABNF","TNF","TNSF"
25,19.2288290125,16,3,9.43623688987134,3.90113366580462,0.0115521926313175,13.3489227483073,0.189301284927333,8.87993699953257,8.87993699953257,9.43623688987134,0.189301284927333,256.180237602641,0,0.0115521926313175,0.564359685375,0,0,0.00118012910392158,1.29566681842774,0.158912903947542,0.0673797620767728,1,0.556299890338767,0.219936999532576,0.0919336658046166,0.0115521926313175,3,1,0,0.564359685375,0.564359685375
26,19.73661295,16,3,9.67415713981618,3.99472135816796,0.0390849814420562,13.7079634794262,0.192686079546537,9.10383100040182,9.10383100040182,9.67415713981618,0.192686079546537,254.347867235081,0,0.0390849814420562,1.1889339285,0,0,0.00385150986415121,1.43703902917813,0.130346833240738,0.0718780170923594,1,0.570326139414366,0.223894000869243,0.0935876923633435,0.0275327888107387,3,1,0,1.1889339285,1.1889339285
27,20.2340297972222,17,3,9.99839942819539,4.12226446365417,0.0800684920141269,14.2007323838637,0.196860321232752,9.40895804701954,9.40895804701954,9.99839942819539,0.196860321232752,251.430873530922,0,0.0800684920141269,1.80075665058333,0,0,0.00752471626253359,1.74605375386341,0.131687476671768,0.0986778463908316,1,0.589441381175852,0.305127046617716,0.127543105486205,0.0409835105720706,3,1,0,1.80075665058333,1.80075665058333
28,20.7596724936257,17,3,10.2846652785873,4.23486925600296,0.155315842246914,14.6748503768372,0.201644060325723,9.67834750239942,9.67834750239942,10.2846652785873,0.201644060325723,250.372236782525,0,0.155315842246914,2.44729716715964,0,0,0.0139737231704517,1.59814816350945,0.146334978068701,0.0952586662419709,1,0.606317776187904,0.269389455379882,0.112604792348791,0.075247350232787,3,1,0,2.44729716715964,2.44729716715964
29,21.2766532449459,18,3,10.6151493052196,4.36486759545761,0.27331864688982,15.2533355475671,0.206872953591819,9.98934831449189,9.98934831449189,10.6151493052196,0.206872953591819,248.867683478415,0,0.27331864688982,3.08318349128344,0,0,0.0233738821380771,1.63127470268445,0.150006746851583,0.116458740872923,1,0.625800990727761,0.31100081209247,0.129998339454652,0.118002804642906,3,1,0,3.08318349128344,3.08318349128344
30,21.7942586477519,17,4,10.9455333180985,4.49482659376164,0.441504177834658,15.8818640896948,0.212321672339445,10.3002550089991,10.3002550089991,10.9455333180985,0.212321672339445,247.712713211651,0,0.441504177834658,3.7198381367348,0,0,0.0358309566329255,2.29498550265693,0.161188288356671,0.126885671615861,1,0.645278309099398,0.310906694507261,0.129958998304035,0.168185530944838,4,1,0,3.7198381367348,3.7198381367348
31,22.3040019987024,18,4,11.4436963368134,4.69078270658973,0.665773533063048,16.8002525764662,0.219942761555693,10.769049537296,10.769049537296,11.4436963368134,0.219942761555693,245.433728963164,0,0.665773533063048,4,0,0,0.0502840507926884,1.7796463900768,0.165137343004685,0.185212499240278,1,0.674646799517369,0.468794528296859,0.195956112828087,0.22426935522839,4,1,0,4,4
32,22.8003331513562,18,4,12.018171001406,4.91675657049115,0.944985800512749,17.8799133724099,0.228045280193438,11.3096568672037,11.3096568672037,12.018171001406,0.228045280193438,242.311265809874,0,0.944985800512749,4,0,0,0.0659910277343891,1.93226256924626,0.173549603308485,0.217873637762254,1,0.708514134202268,0.540607329907698,0.225973863901418,0.279212267449702,4,1,0,4,4
33,23.333680665703,19,4,12.2589965244115,5.20409279419157,1.32474414804967,18.7878334666527,0.241899818757746,11.9970641009368,11.9970641009368,12.2589965244115,0.241899818757746,251.983160235436,0,1.32474414804967,4.65601744264661,0,0,0.0869949195957994,1.76321229239729,0.199273171421344,0.282187876035501,1,0.261932423474688,0.68740723373306,0.287336223700419,0.379758347536925,4,2,0,4.65601744264661,4.65601744264661
34,23.8605339769955,19,4,12.5702047483075,5.44366558478852,1.66442683974446,19.6782971728405,0.257336407876781,12.5702047482979,12.5702047482979,12.5702047483075,0.257336407876781,261.426603176766,0,1.66442683974446,5.21227668745723,0.0917703280790905,0,0.103263193493481,1.63927109471231,0.215640569543285,0.240082527011016,0.723815871529575,9.65094670846156e-12,0.791832108005547,0.330985821146318,0.469294339977608,4,2,0.0917703280790902,5.30404701553632,5.21227668745723
35,24.3773480140333,20,4,13.1576461478178,5.68921608978417,2.04562446793942,20.8924867055414,0.273582213380759,13.157646147809,13.157646147809,13.1576461478178,0.273582213380759,265.522026175761,0,2.04562446793942,5.729288026218,0.210440254874845,0,0.118022560910744,2.0006984005559,0.227768201141047,0.252956152646194,0.662080148580453,8.82790137287278e-12,0.887266293621155,0.370877310733643,0.575757525750129,4,2,0.118669926795754,5.93972828109284,5.729288026218
36,24.9104754501147,20,4,13.7908521249048,5.95389618820638,2.54289567495035,22.2876439880615,0.292922477658682,13.7908521248956,13.7908521248956,13.7908521249048,0.292922477658682,271.23922480078,0,2.54289567495035,6.27370432895771,0.321770698515254,0,0.135782999536482,2.2856651817733,0.252052192822657,0.290657767191616,0.685237553927304,9.13728352240165e-12,0.924067826489555,0.386260351472634,0.725691702331423,4,2,0.11133044364041,6.59547502747296,6.27370432895771
37,25.4326188699693,21,4,14.3306613831064,6.17953645813565,2.97391889773156,23.4841167389736,0.313824187470649,14.3306613830996,14.3306613830996,14.3306613831064,0.313824187470649,279.647586867445,0,2.97391889773156,6.72314384231919,0.514567591574866,0,0.149262270277421,2.00697071517965,0.265946233118856,0.249265156440516,0.506580623984413,6.75430082234622e-12,1.06559396993558,0.44541827943307,0.850848221140173,4,2,0.192796893059612,7.23771143389406,6.72314384231919
38,25.9459958074371,20,5,14.8828344291456,6.4103447913804,3.40796815174716,24.7011473722731,0.337242773419518,14.8828344291397,14.8828344291397,14.8828344291456,0.337242773419518,289.366265348857,0,3.40796815174716,7.13377497861076,0.735390088368732,0,0.161200718756483,2.04524932362693,0.277282064367855,0.253548048604256,0.43876026521758,5.85013519109149e-12,1.25848462090399,0.526046571537866,0.989262903741641,5,2,0.220822496793866,7.86916506697949,7.13377497861076
39,26.4526407013532,21,5,15.5705861390052,6.69782500610149,3.96478502955535,26.2331961746621,0.362609323891847,15.5705861389988,15.5705861389988,15.5705861390052,0.362609323891847,297.389001593149,0,3.96478502955535,7.56002949879189,0.932308787704442,0,0.174866613379639,2.51203655742359,0.290125278469434,0.319176833830903,0.484940383274004,6.46593889541691e-12,1.41821909162483,0.59281558029918,1.14821717681857,5,2,0.19691869933571,8.49233828649633,7.56002949879189
40,26.9652096424282,21,5,16.2024860769366,6.95801607789732,4.53431773437101,27.694819889205,0.390456339471393,16.1930528179362,16.1930528179362,16.2024860769366,0.390456339471393,307.738419361901,0,4.53431773437101,8.28863277908004,1.34182701844213,0,0.187874521342466,2.43103021644555,0.314426389937027,0.30455800187543,0.424904893576917,0.0094332590004429,1.46495530728626,0.612351318445656,1.36317718864767,5,3,0.409518230737689,9.63045979752217,8.28863277908004
41,27.4703072838696,22,5,16.663829303107,7.1548006486971,4.97573138213473,28.7943613339388,0.412575829768977,16.6638293031031,16.6638293031031,16.663829303107,0.412575829768977,316.169426025476,0,4.97573138213473,8.62521304713961,1.62651684935557,0,0.19718079313712,1.92289646843708,0.329320804534758,0.231036396610505,0.290084350945727,3.86772095832081e-12,1.62289514629835,0.678370171152709,1.52167342472847,5,3,0.284689830913435,10.2517298964952,8.62521304713961
42,27.9963995127768,22,5,17.5379423735092,7.52017991212359,6.02278882589851,31.0809111115313,0.444967466165457,17.5379423735014,17.5379423735014,17.5379423735092,0.444967466165457,323.99664806265,0,6.02278882589851,9.11313056541065,1.78569277264033,0,0.2188440928242,3.65966202384371,0.360128824092267,0.476364536997622,0.580841104421247,7.74550793873156e-12,1.50490911153625,0.629052008622152,1.80265727716889,5,3,0.159175923284767,10.898823338051,9.11313056541065
43,28.5133507235727,23,5,18.3514527353782,7.86022724338534,7.00954768027544,33.221227659039,0.478502656374033,18.3514527353716,18.3514527353716,18.3514527353782,0.478502656374033,332.969765936651,0,7.00954768027544,9.55326081479451,1.98141251253546,0,0.23632021441767,3.46704414221011,0.383703351085091,0.445899280731017,0.496153367792347,6.61456075098007e-12,1.63963486832701,0.685367374960689,1.98881821314153,5,3,0.19571973989513,11.53467332733,9.55326081479451
44,29.0288885912285,24,5,19.1935203934498,8.21221152445923,8.11902145870702,35.5247533766161,0.512880543935354,19.1935203934431,19.1935203934431,19.1935203934498,0.512880543935354,341.234146305417,0,8.11902145870702,9.99513469161,2.17365021293661,0,0.253999189765265,3.72443863046441,0.411514675427915,0.479901191161873,0.502519608971802,6.70101011716421e-12,1.67569114326596,0.70043889788517,2.20782186132329,5,3,0.192237700401147,12.1687849045466,9.99513469161
45,29.5127137360969,24,5,20.1668480063365,8.61906246664521,9.52771404450353,38.3136245174852,0.538321513805522,20.1668480063282,20.1668480063282,20.1668480063365,0.538321513805522,340.874574407293,0,9.52771404450353,10.4603326982168,2.30355713451793,0,0.274150226826268,4.42362859685728,0.418952117274709,0.581014821014083,0.618777445496688,8.25117751901416e-12,1.57298495601084,0.65750771161253,2.27657390560797,5,3,0.129906921581318,12.7638898327347,10.4603326982168
46,30.0052320921151,24,6,20.880038901038,8.91717626063172,10.530664470101,40.3278796317707,0.570280351339437,20.8800389010328,20.8800389010328,20.880038901038,0.570280351339437,348.777132127017,0,10.530664470101,10.8338062811932,2.53588112944399,0,0.286409349017818,3.34610778304493,0.458286830662623,0.419636482143436,0.392464342852495,5.23255512992667e-12,1.81721195235464,0.759594596084241,2.55551986788866,6,3,0.232323994926061,13.3696874106371,10.8338062811932
47,30.5033054554342,24,6,21.5252564591518,9.18496975273587,11.4025935153617,42.1128197272494,0.600381570791144,21.5206931883633,21.5206931883633,21.5252564591518,0.600381570791144,356.180316529666,0,11.4025935153617,11.1757453719717,2.80657227554788,0,0.295765487350393,3.04867659535974,0.488254355202674,0.372061356772932,0.312533182362378,0.00456327078843917,2.0498760563212,0.856848191542262,2.80753143216016,6,3,0.270691146103893,13.9823176475196,11.1757453719717
48,31.0080182712577,25,6,22.2652132736398,9.49499999260425,12.527382871907,44.2875961381511,0.635230394836928,22.2623923268044,22.2623923268044,22.2652132736398,0.635230394836928,364.330313946347,0,12.527382871907,11.557548617302,3.06324814616092,0,0.307589547623021,3.63766894009179,0.518741967179457,0.453882176037003,0.367107698391011,0.00282094683539036,2.02038568434248,0.844521216055156,3.06968519485482,6,4,0.256675870613034,14.6207967634629,11.557548617302
49,31.5005443641288,25,6,22.8764881073119,9.75169202885481,13.4176880048594,46.045868141026,0.664083759621755,22.8764881073082,22.8764881073082,22.8764881073119,0.664083759621755,370.701550456046,0,13.4176880048594,11.880159431801,3.34644442589342,0,0.315815319115551,3.05601482033337,0.533971323140893,0.366894364522222,0.277439176100507,3.69955917752425e-12,2.21344292156221,0.925219141213005,3.20901015302129,6,4,0.283196279732507,15.2266038576944,11.880159431801
50,32.000643084472,26,6,23.6418644128912,10.0716193245865,14.6673346507939,48.3808183882716,0.700045058239371,23.6418644128864,23.6418644128864,23.6418644128912,0.700045058239371,378.124805962523,0,14.6673346507939,12.2447370329295,3.59698825078704,0,0.327243793804353,3.91415502019586,0.56655609941376,0.486447968175937,0.359852172594203,4.79793982322008e-12,2.12691867346695,0.889052005509186,3.4726666701099,6,4,0.250543824893616,15.8417252837165,12.2447370329295
51,32.4818806003263,26,6,24.2162568343425,10.3117153567538,15.5287628168044,50.0567350079007,0.727032955880069,24.2162568343393,24.2162568343393,24.2162568343425,0.727032955880069,383.387528060158,0,15.5287628168044,12.5454951755767,3.8881522526406,0,0.333975338573036,2.97665007624361,0.573902234480562,0.349149295756381,0.243978390770355,3.25280543241509e-12,2.35427580139059,0.984087284981267,3.53075599560492,6,4,0.291164001853562,16.4336474282173,12.5454951755767
52,32.9552939238627,26,6,25.0693977228811,10.668328248162,17.0604944547514,52.7982204257945,0.759987182438497,25.0693977228756,25.0693977228756,25.0693977228811,0.759987182438497,387.126823987547,0,17.0604944547514,12.9157248779536,4.10022093821353,0,0.346488851693224,4.52118757607829,0.590742532503603,0.571142795394047,0.4189144308012,5.58605014096732e-12,2.03655168169926,0.851278602950293,3.65643082530591,6,4,0.212068685572925,17.0159458161671,12.9157248779536
53,33.4366484662723,27,6,25.6739842480944,10.921045415702,18.0465822221699,54.6416118859663,0.788393753709386,25.673984248091,25.673984248091,25.6739842480944,0.788393753709386,392.139690418956,0,18.0465822221699,13.220897788192,4.38711411513888,0,0.353289208305658,3.27306208449757,0.630206944465046,0.384039887536259,0.254023617301673,3.38632825484334e-12,2.38004061054458,0.994856975207634,3.88187436228625,6,4,0.286893176925352,17.6080119033309,13.220897788192
54,33.9291054900556,26,7,26.6030501788083,11.3080412796675,19.8150388071917,57.7261302656675,0.831182114545544,26.5998116738458,26.5998116738458,26.6030501788083,0.831182114545544,398.984159012028,0,19.8150388071917,13.6088838568247,4.60485018575977,0,0.365819723690898,5.09274368512741,0.671655866544496,0.642439323637435,0.425390044965067,0.00323850496250048,2.17642005663497,0.909743583673417,4.16296874997339,7,4,0.217736070620886,18.2137340425844,13.6088838568247
55,34.3998453962114,27,7,27.3921899375437,11.6392553938912,21.3525403276409,60.3839856590758,0.866575709990028,27.3921899375388,27.3921899375388,27.3921899375437,0.866575709990028,403.990036641991,0,21.3525403276409,13.9563854905702,4.83635863658574,0,0.375766326138204,4.49467202343973,0.682722143642944,0.554394562159563,0.370089150727225,4.93412718090743e-12,2.1410469940444,0.894957643510561,4.15440851867199,7,4,0.231508450825969,18.792744127156,13.9563854905702
56,34.8934351224175,27,7,28.200287280354,11.9758616496589,23.0003558338808,63.1765047638936,0.904411800382169,28.1974680613848,28.1974680613848,28.200287280354,0.904411800382169,409.546845252398,0,23.0003558338808,14.4404089114281,5.16670645180545,0,0.385805171319115,4.74935274952503,0.746751602461242,0.581627979182669,0.362126444481258,0.00281921896911837,2.22374846167231,0.929526856979025,4.55622599676917,7,5,0.330347815219719,19.6071153632335,14.4404089114281
57,35.3639144639936,28,7,28.9837876690388,12.3045432456562,24.6452443743293,65.9335752890242,0.940947742663367,28.9837876690339,28.9837876690339,28.9837876690388,0.940947742663367,414.573236977129,0,24.6452443743293,14.7857727530179,5.40003220035427,0,0.395123163296783,4.70463285413907,0.750620898773388,0.574977030019764,0.365483935957468,4.87254681047489e-12,2.15144779370163,0.89930517776728,4.50057684789706,7,5,0.23332574854882,20.1858049533722,14.7857727530179
58,35.8730397281077,28,7,29.9911372717043,12.7256153795697,27.0864657840471,69.8032184353211,0.988278186014844,29.9911372716979,29.9911372716979,29.9911372717043,0.988278186014844,420.80139612833,0,27.0864657840471,15.2140118226937,5.59801720553883,0,0.408894169453646,6.39296465559306,0.845089177031443,0.806175655478184,0.484716700092459,6.46357041963104e-12,2.07822342921505,0.868697393411891,5.03638807833964,7,5,0.197985005184552,20.8120290282325,15.2140118226937
59,36.3654469849165,29,7,30.9047213515418,13.1074935249421,29.1743495932722,73.1865644697561,1.03120304489527,30.9047213515362,30.9047213515362,30.9047213515418,1.03120304489527,426.09874179162,0,29.1743495932722,15.5988564429202,5.81883351118706,0,0.419011763907219,5.71717801969294,0.866502701505809,0.704863757174135,0.418373507433675,5.57716835677032e-12,2.18365662166874,0.912768467857535,4.99047805878601,7,5,0.220816305648237,21.4176899541073,15.5988564429202
60,36.8370125794264,29,7,31.8824953356523,13.5162030503002,31.3645561655223,76.7632545514748,1.0703848947518,31.8824953356464,31.8824953356464,31.8824953356523,1.0703848947518,428.724758274972,0,31.3645561655223,15.9800317779524,6.01768385740206,0,0.428458493515032,6.00328919988283,0.875418114981141,0.745143767024654,0.44817774703179,5.97684864563538e-12,2.18166562393116,0.911936230803226,4.88691503930194,7,5,0.198850346214998,21.9977156353545,15.9800317779524
61,37.3264144501428,30,7,32.8773545927145,13.9320542197522,33.678846612207,80.4882554246738,1.11712847769912,32.8773545927086,32.8773545927086,32.8773545927145,1.11712847769912,433.907497636048,0,33.678846612207,16.3740508092367,6.225629127099,0,0.437795533335401,6.29101615074196,0.950513106728638,0.776041848583128,0.444596546381031,5.9300712488645e-12,2.2376675328684,0.935345028738992,5.20537207390121,7,5,0.207945269696943,22.5996799363357,16.3740508092367
62,37.819594947334,29,8,34.0292671955606,14.4135536877414,36.5026349357127,84.9454558190148,1.16543129419735,34.0292671955537,34.0292671955537,34.0292671955606,1.16543129419735,437.345815922878,0,36.5026349357127,16.8059486136921,6.40034333418872,0,0.448515457318165,7.39779202256472,1.00754056114378,0.928583415487502,0.523265206997598,6.97397695148538e-12,2.20139345677986,0.920182464933983,5.3964763675156,8,5,0.174714207089712,23.2062919478808,16.8059486136921
63,38.2658855886439,30,8,35.1579669907116,14.8853502021147,38.9497711648641,88.9930883576905,1.19958355671041,35.1579669907051,35.1579669907051,35.1579669907116,1.19958355671041,435.710120077164,0,38.9497711648641,17.1831181101064,6.57211132658563,0,0.455909670522381,6.77441829469048,0.971360891570596,0.843256778890853,0.489164476460927,6.52159807638479e-12,2.30740343885455,0.964494637441201,5.0026858999579,8,5,0.171767992396909,23.755229436692,17.1831181101064
64,38.7225034662908,30,8,36.4829760728034,15.4320737851035,42.1086391181667,94.0236889760736,1.23558059839395,36.4659181461805,36.4659181461805,36.4829760728034,1.23558059839395,432.485667013687,0,42.1086391181667,17.3725282448246,6.62747175517539,0,0.465475591309391,8.26270425235573,1.04457639724037,1.04888420394613,0.607982550099562,0.0170579266228934,2.15129719637717,0.899242228085655,5.23036300952474,8,5,0.0553604285897645,24,17.3725282448246
65,39.2181081511304,31,8,37.8520447851393,16.0114747201847,45.7584585762467,99.6219780815707,1.28605101428935,37.8520447851308,37.8520447851308,37.8520447851393,1.28605101428935,433.870126322015,0,45.7584585762468,17.856465217431,6.75312854492157,0,0.476343080686836,9.2258521901201,1.19223336818677,1.16986396502325,0.635435597730844,8.47440636183213e-12,2.18138021209417,0.911816928655364,5.74380703743021,8,6,0.125656789746174,24.6095937623526,17.856465217431
66,39.6983489273863,31,8,39.0325292748251,16.504917236874,48.6413213319374,104.178767843636,1.33443967113628,39.0325292748182,39.0325292748182,39.0325292748251,1.33443967113628,436.579307490617,0,48.6413213319374,18.2718946306019,6.92839528654554,0,0.483421953720671,7.75787211386043,1.22484019691907,0.949331200430708,0.511353183144268,6.82002602540403e-12,2.30855019309493,0.964973980713681,5.63771352309605,8,6,0.175266741623979,25.2002899171474,18.2718946306019
67,40.1770139899833,32,8,40.2297137963735,17.0053403668813,51.5341170939968,108.769171257252,1.38377814951028,40.2297137963668,40.2297137963668,40.2297137963735,1.38377814951028,439.248637429759,0,51.5341170939968,18.6850798684169,7.10396807572485,0,0.489825330607238,7.86133891298874,1.28011538092339,0.956334044503176,0.509303096391972,6.78805160229482e-12,2.3506327175893,0.982564475952327,5.67991002323123,8,6,0.175572789179303,25.7890479441418,18.6850798684169
68,40.6534378099798,32,8,41.0973490921257,17.3680119205065,53.6591941107943,112.124555123426,1.42454409919332,41.0973490921207,41.0973490921207,41.0973490921257,1.42454409919332,442.642373500051,0,53.6591941107943,19.0372442669355,7.33780497580191,0,0.494260710134993,6.14044676495646,1.32986057689108,0.699038305453465,0.371180555687971,4.94774591667616e-12,2.3375020120487,0.977075841036358,5.72518410308082,8,6,0.233836900077063,26.3750492427374,19.0372442669355
69,41.1249354662096,33,8,42.0470449463635,17.7649847875777,55.9665084123187,115.77853814626,1.46916567417706,42.0470449463582,42.0470449463582,42.0470449463635,1.46916567417706,446.19653255475,0,55.9665084123187,19.3990179550291,7.55597340487103,0,0.498727833536513,6.59967124181204,1.36098590441622,0.76124646309021,0.402479442574169,5.36578189288169e-12,2.35961332127519,0.98631836829303,5.73275068850046,8,6,0.218168429069116,26.9549913599001,19.3990179550291
70,41.6070573681304,32,9,43.3775114530776,18.3211197873831,59.5233243895444,121.221955630005,1.51905275768904,43.3775114530696,43.3775114530696,43.3775114530776,1.51905275768904,447.197247280369,0,59.5233243895444,19.8539879582943,7.69401334096845,0,0.5058842008093,9.24971240276836,1.44552963037434,1.13404530911304,0.598933626491787,7.98650034994353e-12,2.22139223423569,0.928541953910518,5.93858120483153,9,6,0.138039936097422,27.5480012992627,19.8539879582943
71,42.0851243706985,33,9,44.3860866761329,18.7427042306211,62.156917058345,125.285707965099,1.56644078696346,44.386086676127,44.386086676127,44.3860866761329,1.56644078696346,450.669350408843,0,62.1569170583451,20.2373803845609,7.89864332786049,0,0.510630975965788,7.32912458460438,1.50295636224622,0.846615069811661,0.441100113731414,5.8821096142007e-12,2.28649957608371,0.955756822802991,5.97051006521445,9,6,0.204629986892048,28.1360237124214,20.2373803845609
72,42.5544745704257,33,9,45.3009211257981,19.1225591789641,64.3970243432154,128.820504647978,1.60913822919795,45.2948305716844,45.2948305716844,45.3009211257981,1.60913822919795,453.604356736926,0,64.3970243432154,20.5878052617296,8.12551919635624,0,0.514104781265187,6.59785366288166,1.5283270821518,0.736665581262372,0.379459943539986,0.00609055411371114,2.3948348462811,1.0010409657455,5.92261708888951,9,6,0.226875868495748,28.7133244580859,20.5878052617296
73,43.0259623509092,34,9,46.2871317985078,19.5359059757759,66.9279650634245,132.751002837708,1.65560030914892,46.2836985066409,46.2836985066409,46.2871317985078,1.65560030914892,456.757961151383,0,66.9279650634245,21.1416224737129,8.43830749628177,0,0.518054381445591,7.22079702241931,1.58426331721047,0.819943837681926,0.42337664991435,0.00343329186687609,2.33566951591816,0.97630985765379,5.9840704243313,9,7,0.31278829992552,29.5799299699946,21.1416224737129
74,43.5009469386458,34,9,47.4392673495849,20.0189337521236,70.0398992340283,137.498100335737,1.70635090768231,47.4392673495781,47.4392673495781,47.4392673495849,1.70635090768231,459.326256675289,0,70.0398992340283,21.5534254155838,8.61073559732689,0,0.522927375096872,8.4597547733661,1.65239123384389,0.989693914560156,0.513511184626381,6.84489502115563e-12,2.25032847878068,0.940637304130324,6.06010981604626,9,7,0.172428101045128,30.1641610129107,21.5534254155838
75,43.9721903275693,34,9,48.5359390901629,20.4773425396853,73.013903053245,142.027184683093,1.7558826024048,48.5359390901563,48.5359390901563,48.5359390901629,1.7558826024048,461.979746411331,0,73.013903053245,21.9531636384334,8.7906267428532,0,0.52730113073614,8.19626273430486,1.7029518420371,0.943559239032627,0.492663738595902,6.56896759210213e-12,2.22600458418922,0.930469916191093,6.03657948866413,9,7,0.179891145526305,30.7437903812866,21.9531636384334
76,44.4360615874444,35,9,49.5081024644742,20.8837068301478,75.5885743762051,145.980383670827,1.80155981654632,49.5081024644684,49.5081024644684,49.5081024644742,1.80155981654632,464.689974207858,0,75.5885743762052,22.321110216613,8.99324181431996,0,0.530742667783505,7.40384706868135,1.73617826906205,0.823583122444736,0.431349143997897,5.75006708913861e-12,2.25377374185033,0.942077424093438,5.96888010277994,9,7,0.202615071466761,31.3143520309329,22.321110216613
77,44.8896041679001,35,9,50.2804605615094,21.2065525147091,77.5485517716029,149.035564847821,1.83784915548304,50.280460561505,50.280460561505,50.2804605615094,1.83784915548304,466.768471358924,0,77.5485517716029,22.6412371651285,9.23097223976499,0,0.533069260481818,6.13090425112903,1.75071618375271,0.63649607854076,0.334042310096473,4.4556950721623e-12,2.31215649542571,0.966481415087947,5.867452523699,9,7,0.237730425445029,31.8722094048935,22.6412371651285
78,45.321773625467,36,9,50.9389960969716,21.4818203685326,79.1108069086754,151.531623374179,1.86879052754864,50.9389960969678,50.9389960969678,50.9389960969716,1.86879052754864,468.49087860636,0,79.1108069086754,22.9245639166331,9.47921392106768,0,0.534634986794907,5.29258900555465,1.71401047314113,0.520012192991407,0.278084193657902,3.70725672382832e-12,2.3681156659806,0.98987234837989,5.61792138029354,9,7,0.248241681302692,32.4037778377008,22.9245639166331
79,45.7844851377334,35,10,51.9709828665221,21.9131908382036,82.0196419171538,155.90381562188,1.91615186439807,51.9709828665157,51.9709828665157,51.9709828665221,1.91615186439807,470.82540984857,0,82.0196419171538,23.3120390017467,9.66087399604171,0,0.538385109906451,8.135999197947,1.86762321558208,0.910873384936939,0.480566883158147,6.41027971444904e-12,2.14743630015862,0.897628373466303,6.05292439079942,10,7,0.181660074974026,32.9729129977884,23.3120390017467
80,46.2479640297992,36,10,53.2663930083594,22.4546722774908,85.7736500117475,161.494715297598,1.96348433551089,53.2663930083512,53.2663930083512,53.2663930083594,1.96348433551089,470.722599154389,0,85.7736500117475,23.7564275499013,9.78656448512817,0,0.543095606625329,9.95058127312683,1.9349544979037,1.16477076577426,0.61578211240082,8.20795283592209e-12,2.10368264317537,0.879339344847304,6.0963253381258,10,7,0.125690489086461,33.5429920350295,23.7564275499013
81,46.7043024405451,36,10,54.2119765483442,22.8455377140557,88.3579861868522,165.415500449252,2.00741940723232,54.2014777848223,54.2014777848223,54.2119765483442,2.00741940723232,472.861302289848,0,88.3579861868521,24.0506775814584,9.9493224185416,0,0.545906601515565,7.59664055765741,1.97369561537173,0.817084186926185,0.429947852929407,0.0104987635219095,2.17487951178258,0.909099635925119,6.03806686443889,10,7,0.162757933413438,34,24.0506775814584
82,47.1465456395045,37,10,54.9263282772623,23.1485252198939,90.1489306941454,168.223784191302,2.04147659560049,54.9263282772582,54.9263282772582,54.9263282772623,2.04147659560049,474.629507259641,0,90.1489306941455,24.3520425986263,10.1919165360937,0,0.54747272532868,5.99276665046418,1.96200017302475,0.587246355326555,0.306878669945414,4.09331827692464e-12,2.36201001706917,0.987320187134915,5.83600192092814,10,8,0.242594117552103,34.54395913472,24.3520425986263
83,47.5988433450549,37,10,55.8976910320012,23.554554851374,92.7832934435956,172.235539326971,2.08711619253411,55.8976910319953,55.8976910319953,55.8976910320012,2.08711619253411,476.808134407593,0,92.7832934435956,24.7178827056813,10.3824026068657,0,0.55006964147741,7.80203412063557,2.05041385444357,0.835782319930685,0.448767154106322,5.98395407299298e-12,2.1645139263176,0.904766821200755,5.87022184075892,10,8,0.190486070771942,35.100285312547,24.7178827056813
84,48.0526239868698,38,10,57.2068503724635,24.1017834556863,96.380756747867,177.689390576017,2.13361704769382,57.2068503724552,57.2068503724552,57.2068503724635,2.13361704769382,476.276696263724,0,96.380756747867,25.1555745722959,10.5028609296834,0,0.553500798624754,9.93486168572346,2.1157201100308,1.13621901021741,0.622168435756954,8.2932179642133e-12,2.1041879742214,0.879550573224546,5.78213727588833,10,8,0.120458322817784,35.6584355019794,25.1555745722959
85,48.4967229850069,38,10,58.2369626892445,24.5323704041016,98.9898458958601,181.759178989206,2.17920857697785,58.2369626892383,58.2369626892383,58.2369626892445,2.17920857697785,477.849328724464,19.4231485795991,79.566697316261,25.5227169993965,10.6819602702914,3,0.555501133379835,7.9762350987113,2.14141300094729,0.847872586081562,0.468663578507489,6.24803912311715e-12,2.19797817458659,0.918754876977195,5.56708322908722,10,8,0.17909934060801,36.2046772696879,25.5227169993965
86,48.9443190782472,38,10,59.4301879341704,25.0311385564801,102.170474991898,186.631801482549,2.22447915847212,59.4301879341628,59.4301879341628,59.4301879341704,2.22447915847212,477.982652270161,19.4231485795991,82.7473264122994,25.9337948540763,10.8214256102973,3,0.558089635675747,9.00359733449765,2.01775863436467,1.01512968611279,0.570790196230756,7.61109693788361e-12,2.09047957166062,0.873820460954138,5.57232607890228,10,8,0.139465340005853,36.7552204643736,25.9337948540763
87,49.3923838914695,39,10,60.5790766925592,25.5113740574865,105.342388700975,191.432839451021,2.2685085256705,60.5790766925515,60.5790766925515,60.5790766925592,2.2685085256705,478.198999628704,19.4231485795991,85.9192401213761,26.3471436759324,10.9591965087045,3,0.560711111881812,8.97068867787479,2.08748012092543,1.00021624343161,0.57536491484134,7.67267730831615e-12,1.99680016760398,0.834662470058463,5.51287300851725,10,8,0.137770898407249,37.3063401846369,26.3471436759324
88,49.8288154289466,38,11,61.9433965222994,26.0816597463174,108.889525409899,196.914581678515,2.30999363212985,61.9433965222904,61.9433965222904,61.9433965222994,2.30999363212985,476.218940814439,25.794660575462,83.0948648344365,26.786202024045,11.0569489516888,4,0.563159788946433,9.96114793366005,2.10201929209073,1.14202963072776,0.66835821116085,8.91020590643166e-12,2.04130031913473,0.853263533398319,5.30723891723049,11,8,0.09775244298428,37.8431509757338,26.786202024045
89,50.2410088022894,39,11,63.1775387286566,26.5975311885751,111.899809802054,201.674879719286,2.34334733444231,63.1775387286485,63.1775387286485,63.1775387286566,2.34334733444231,473.65798134923,32.1525952849458,79.7472145171081,27.1768563023653,11.1732925225801,5,0.564822844001459,8.82997047013754,2.00517041168458,0.991728758493984,0.603458257154781,8.04452800669727e-12,2.04511611486909,0.854858536015281,4.98838876834406,11,8,0.116343570891273,38.3501488249454,27.1768563023653
90,50.6769637661387,39,11,64.1324177947875,26.9966706382187,114.258335913748,205.387424346754,2.38788935583972,64.1324177947815,64.1324177947815,64.1324177947875,2.38788935583972,475.474777383984,38.5149225465377,75.7434133672103,27.5286720170895,11.3577014133906,6,0.566118981518805,7.42624215221435,2.10359752501786,0.773446797389729,0.44670913810069,5.95553236356257e-12,2.13758570105131,0.893510823039448,5.27978031011869,11,8,0.18440889081046,38.88637343048,27.5286720170895
91,51.1176693457367,40,11,65.1450678219666,27.4199583495793,116.919934101637,209.484960273183,2.43289031266962,65.14506782196,65.14506782196,65.1450678219666,2.43289031266962,476.905011100704,44.8903234068187,72.0296106948183,27.9818519912751,11.5602158716305,7,0.567779320906652,7.99114858006796,2.11654510131696,0.853653318005839,0.494719273530282,6.59383658785373e-12,2.04691848763499,0.855611927831426,5.38001717397415,11,9,0.202514458239903,39.5420678629056,27.9818519912751
92,51.5460376387738,40,11,66.1462580944618,27.8384558834825,119.334110178045,213.31882415599,2.47690157604667,66.1462580944557,55.0548337086321,55.0548337086382,2.24878139968501,521.606125012631,44.8903234068187,74.4437867712265,28.3316691181499,11.7372917451913,7,0.568911037036044,7.54429276340747,2.04771371995634,0.798721642251497,0.457430704941219,6.09704879176813e-12,2.18872555270287,0.9148872810298,5.2776869815035,11,9,0.177075873560824,40.0689608633412,28.3316691181499
93,51.9725436409454,40,11,67.200783369383,28.2792474483994,121.890555459357,217.370586277139,2.52052405752757,67.2007833693766,56.1093589835529,56.1093589835594,2.29240388116591,521.73109963823,44.8903234068187,77.0002320525379,28.6906475819533,11.902915664059,7,0.570086624716343,7.73521128445948,1.92623333299043,0.844117108572721,0.485324326357287,6.47186008488158e-12,2.17282591795018,0.908241233703177,5.26749874769171,11,9,0.165623918867669,40.5935632460122,28.6906475819533
94,52.4000344173998,41,11,68.2443908378028,28.7154753701988,124.509178726434,221.469044934436,2.56369124875595,68.2443908377962,57.1529664519726,57.1529664519792,2.33557107239429,521.849423503411,44.8903234068187,79.6188553196155,29.0548924786509,12.0644844224003,7,0.571381416333114,7.86409875183369,1.98817236144339,0.853845553603496,0.496885209476739,6.62462677307e-12,2.10029891917827,0.877924948216519,5.27007690535872,11,9,0.161568758341369,41.1193769010512,29.0548924786509
95,52.8280928596458,41,11,69.4851633177318,29.2341182668085,127.716834684777,226.436116269317,2.60612290574881,69.4851633177236,58.3937389319,58.3937389319081,2.37800272938715,520.040254481468,51.3609113478264,76.3559233369501,29.4641955201773,12.1816932648365,8,0.573039573834136,9.17324614638485,2.05199692074923,1.03480652809986,0.612857727038452,8.17124146124115e-12,2.02456855022981,0.84626965399606,5.23393247212996,11,9,0.117208842436181,41.6458887850138,29.4641955201773
96,53.2417507446048,42,11,70.4898685035355,29.6540850344752,130.062218655023,230.206172193033,2.64657792859452,70.4898685035293,59.3984441177057,59.3984441177119,2.41845775223286,519.94132093444,57.8693350264967,72.1928836285261,29.8042960447378,12.3503919387755,9,0.573855792032743,7.38095787113538,1.97585977261543,0.785428317441403,0.463613176083382,6.1811296821664e-12,2.16711956785504,0.905855979363407,5.05892431716478,11,9,0.168698673939021,42.1546879835134,29.8042960447378
97,53.6567099273119,41,12,71.2889163338922,29.9880870275649,131.962162333407,233.239165694865,2.6841212878909,71.2889163338873,60.1974919480637,60.1974919480686,2.45600111152924,521.004001649851,64.4175497726297,67.5446125607777,30.1110670736354,12.5540207046077,10,0.574549989913857,6.31918038838515,1.97080260798129,0.63187364621506,0.371288573757258,4.94952227351556e-12,2.15209378051144,0.899575200253782,5.11716172452657,12,9,0.203628765832128,42.665087778243,30.1110670736354
98,54.0581104298895,42,12,71.7508973562525,30.1811950949125,132.942137763771,234.874230214936,2.70582752230105,71.75089735625,60.6594729704263,60.6594729704289,2.47770734593939,521.605633188908,64.4175497726297,68.524587991141,30.3440885137498,12.8147218826637,10,0.57472528879975,4.23054231219867,1.88636378879795,0.340638441681981,0.194477165863206,2.5928888665779e-12,2.37550264737832,0.99296010660414,5.03902566665609,12,9,0.260701178056021,43.1588103964135,30.3440885137498
99,54.4675970459795,42,12,72.708088204995,30.578740367596,135.136311852626,238.423140425217,2.74821684412521,72.7019626019043,61.6105382160807,61.6166638191714,2.52009666776355,522.28784313583,64.4175497726297,70.7187620799958,30.6651638977849,12.9973150364193,10,0.575383227900142,7.03671948526192,1.94941225102022,0.739249332475246,0.421196679808186,0.0061256030907213,2.25800746123521,0.943847118796318,5.22270564560257,12,9,0.182593153755619,43.6624789342042,30.6651638977849
100,54.8745536877032,42,12,73.3867766131727,30.8640788912955,136.689894778018,240.940750282486,2.7802902057757,73.3845906490322,44.6005845385078,44.6027705026483,1.91103311270543,547.138497771104,64.4175497726297,72.2723450053882,31.1235698028837,13.3769868664365,10,0.575825523406406,5.59860819324087,1.98725857149262,0.525664368608793,0.297223307431433,0.00218596414049503,2.29668410942299,0.960013957738808,5.23250485278179,12,10,0.379671830017204,44.5005566693202,31.1235698028837
101,55.302804094391,43,12,74.6935369619966,31.4112184501108,140.430602740329,246.535358152436,2.82429463501639,74.6935369619875,45.9095308514631,45.9095308514721,1.95503754194611,543.804934348426,64.4175497726297,76.0130529676992,31.5582543977878,13.4690502717584,10,0.5779623242791,9.88527640256581,1.8633851852176,1.16599871543366,0.678387749026376,9.04284055044021e-12,1.92949580064482,0.806529244669535,5.51411485198497,12,10,0.0920634053218699,45.0273046695462,31.5582543977878
102,55.7246682369659,43,12,75.9483664729945,31.9357371857081,143.92336411711,251.807467775813,2.86718348296051,75.9483664729859,47.1643603624615,47.16436036247,1.99792638989024,540.94913622957,71.0542647798812,72.8690993372291,31.9727333863115,13.5734641786018,11,0.57975763219903,9.46715194799004,1.90857184278973,1.0983561715369,0.642158368548613,8.55848725223041e-12,1.95408106856024,0.81680588665818,5.43909656534671,12,10,0.104413906843457,45.5461975649133,31.9727333863115
103,56.1322568537755,44,12,76.8795641421531,32.3249778114175,146.258696979157,255.463238932728,2.90846682752052,76.8795641421472,48.0955580316228,48.0955580316287,2.03920973445024,541.436868074275,77.7199545471509,68.5387424320066,32.3001028698766,13.7474286937125,12,0.580614594710378,7.0824827228837,1.84123375239431,0.761618991024561,0.442461333517821,5.89928106364823e-12,2.10458541486053,0.879716703411703,5.27804959470664,12,10,0.173964515110685,46.0475315635891,32.3001028698766
104,56.5437386558501,44,12,77.9163422748612,32.7583510708891,149.072405108643,259.747098454394,2.94944273070597,77.9163422748542,49.1323361643298,49.1323361643367,2.08018563763569,540.66166330372,77.7199545471509,71.3524505614926,32.6600498308641,13.8936043492768,12,0.581888807078945,7.98633342949078,1.84459934824984,0.892470733680094,0.522171633275367,6.96331881044898e-12,1.98551217001903,0.829944087067956,5.38847373197344,12,10,0.146175655564333,46.5536541801409,32.6600498308641
105,56.9477317641678,44,12,78.9227659922717,33.1790361847668,151.683378767351,263.785180944389,2.98982653016479,78.9227659922652,50.1387598817407,50.1387598817472,2.12056943709451,540.094565074298,84.4389347663829,67.2444440009678,33.0006978048615,14.0498678985101,13,0.582892778542311,7.65467474997864,1.86530917292332,0.841267185415848,0.4870279967912,6.49436060484732e-12,2.06645967796888,0.863780145390991,5.36103401839278,12,10,0.156263549233252,47.0505657033716,33.0006978048615
106,57.3511507410322,45,12,80.322286560098,33.764035782117,155.505924896087,269.592247238302,3.02922009734636,80.3222865600886,51.5382804495642,51.5382804495735,2.15996300427609,535.189131728858,84.4389347663829,71.0669901297042,33.4183339497037,14.1284370952111,13,0.58453787655596,10.1805622253961,1.85501915168643,1.20980547789792,0.70090399109783,9.34126849945945e-12,1.99673647974434,0.834635848533132,5.45373714130104,12,10,0.0785691967010157,47.5467710449148,33.4183339497037
107,57.7568768520879,44,13,81.6480885220341,34.3182210022065,159.229899485196,275.196209009437,3.06994046681331,81.6480885220252,52.8640824115008,52.8640824115097,2.20068337374303,531.603413900928,84.4389347663829,74.7909647188131,33.8257228330958,14.2200913284176,13,0.586188049324692,9.97465679051075,1.94030299676861,1.16749203565312,0.666219248320818,8.88178419700125e-12,1.99003851251411,0.831836098230897,5.589713294077,13,10,0.0916542332064446,48.0458141615133,33.8257228330958
108,58.1571560757991,45,13,82.8209869137258,34.8084925299343,162.351447514823,279.980926958484,3.11126386714967,82.8209869137183,46.7572372054569,46.7572372054643,1.90959812005945,521.535690528551,84.4389347663829,77.9125127484405,34.1895281821627,14.3486294245154,13,0.587334140367771,8.84325578763745,1.98344510799934,0.996816239385038,0.560172537369011,7.46898839073159e-12,2.09381630381579,0.875215214995001,5.57247601656535,13,10,0.12853809609789,48.5381576066781,34.1895281821627
109,58.5615689404546,45,13,84.0349643520939,35.3159350991719,165.731199672554,285.08209912382,3.15352078496796,84.0349643520859,47.9712146438244,47.9712146438324,1.95185503787773,519.586360669799,84.4389347663829,81.292264906171,34.543572898607,14.456427101393,13,0.588696944887661,9.27603207970028,1.96252359893107,1.06274420111162,0.598071329164547,7.97110525733539e-12,2.02982048991279,0.848464964783547,5.65108540222409,13,10,0.107797676877511,49,34.543572898607
110,58.9462435473886,45,13,84.8150764536887,35.64202195764,167.536905572957,287.994003984286,3.19017444675018,84.8150764536843,48.7513267454228,48.7513267454272,1.98850869965996,520.87312879212,91.2912168100655,76.2456887628913,34.815414169664,14.6577355968648,14,0.589018553429402,6.10103729051093,1.92626329700963,0.606646845931118,0.33497994407754,4.46516897530576e-12,2.32883226411245,0.973451886399004,5.39048958699722,13,11,0.201308495471828,49.4731497665287,34.815414169664
111,59.3211971948462,46,13,86.0444819848038,36.1559134696448,170.56124492759,292.761640382039,3.22398343052773,86.0444819847962,49.9807322765347,49.9807322765423,2.02231768343751,516.699048637539,98.1621527808994,72.3990921466908,35.1603647474207,14.7739780054809,15,0.589765828099304,8.69892452282873,1.86360352246642,0.993257582864605,0.572538059198493,7.63241321995641e-12,2.14729049250104,0.897567425865434,5.28233766479599,13,11,0.116242408616096,49.9343427529016,35.1603647474207
112,59.7260865554913,46,13,87.2704161579094,36.6683539540025,174.357345356036,298.296115467948,3.26449298290067,87.2704161579006,51.2066664496391,51.2066664496479,2.06282723581045,514.431140078257,98.1621527808994,76.1951925751366,35.5645314647229,14.8678252017722,15,0.591571023046197,9.93741665423353,2.00268534827064,1.15301564289747,0.659667232290418,8.79059787924537e-12,1.85841301961883,0.776816642200672,5.75456873197323,13,11,0.0938471962913247,50.4323566664951,35.5645314647229
113,60.122561949438,47,13,88.3078666622107,37.1020082648011,177.382484793881,302.792359720893,3.3045770504396,88.3078666622036,52.2441169539421,52.2441169539492,2.10291130334937,514.013422170427,105.07081167898,72.3116731149015,35.9142439780552,15.0057774229943,16,0.592791785485144,8.47572281532727,2.02949449569152,0.936717552697241,0.530296816118751,7.06753174502713e-12,1.95635816163506,0.817757711563457,5.70461550191104,13,11,0.137952221222135,50.9200214010496,35.9142439780552
114,60.497684747513,47,13,88.8597892510407,37.3327119069336,178.734958609892,304.927459767866,3.33050920026734,88.8597892510374,52.7960395427759,52.7960395427792,2.12884345317711,514.912314114853,105.07081167898,73.6641469309124,36.1495214033085,15.2319010393733,16,0.593079819392465,4.97240042110735,1.91132508494281,0.444812509786924,0.246465177763288,3.285668033944e-12,2.23935321753185,0.936049644928315,5.48748439144572,13,11,0.226123616378941,51.3814224426817,36.1495214033085
115,60.870781530191,47,13,89.9080060045894,37.7708665099155,181.624788979129,309.303661493634,3.36344942447739,89.9080060045824,53.844256296321,53.8442562963279,2.16178367738716,512.700508078458,105.07081167898,76.5539773001494,36.4764864874693,15.3638449979064,16,0.594042696067178,8.21667348697712,1.94254914896015,0.911708692867477,0.523949890271695,6.98463509252178e-12,2.0006049681611,0.836252876691342,5.5154708931011,13,11,0.131943958533101,51.8403314853757,36.4764864874693
116,61.2601337233877,48,13,90.6199820279629,38.0684724876864,183.757662701289,312.446117216938,3.39690170435408,90.619982027958,47.5211961978884,47.5211961978933,1.8698551124423,502.471564193215,105.07081167898,78.6868510223092,36.7629194914742,15.5563151915335,16,0.594904246124572,6.57849088977365,2.07317802482008,0.654678275688816,0.367263138683908,4.89563944938709e-12,1.93859919056112,0.810334461654549,5.80748106059038,13,11,0.19247019362711,52.3192346830077,36.7629194914742
117,61.6469329749982,47,14,91.4257070322474,38.4052655394772,186.102027565341,315.933000137065,3.43475879147784,91.425707032242,48.3269212021724,48.3269212021778,1.90771219956606,504.097595759125,105.07081167898,81.0312158863609,37.0600314988707,15.7349662636179,16,0.595768608310198,6.99633253244185,1.99721723476868,0.726433941693003,0.403418796036982,5.37940062865043e-12,1.99724210224988,0.83484719874045,5.81124351934452,14,11,0.178651072084419,52.7949977624886,37.0600314988707
118,62.030853608295,48,14,91.9510663649792,38.6248657405599,187.582673483522,318.158605589061,3.45944286349352,91.9510663649758,48.8522805349062,48.8522805349096,1.93239627158174,505.128933959694,112.046467458613,75.5362060249086,37.3042779620944,15.9629421793493,17,0.596260346203023,5.21951884111149,2.02868665186881,0.463667802499574,0.256476209319701,3.41830267795255e-12,2.04837452225021,0.856220550300587,5.77303416215031,14,11,0.227975915731342,53.2672201414437,37.3042779620944
119,62.427467606571,48,14,92.9972135983798,39.0583759026973,190.941831880814,322.997421381891,3.50024386374707,92.9881720160222,49.8893861859526,49.8984277683102,1.97319727183528,504.980422997201,112.046467458613,78.8953644222008,37.665799855892,16.0892555034311,17,0.597744093521657,9.00196900679348,2.0657585129876,1.00791808738049,0.563114780788676,0.00904158235761325,1.84173047206093,0.769843337321467,5.9799371657876,14,11,0.126313324081879,53.7550553593231,37.665799855892
120,62.8124019765898,48,14,93.7678483847803,39.382997739929,193.253045514753,326.403891639462,3.53673285040821,93.7647792821269,50.6659934520573,50.6690625547107,2.00968625849643,506.496316036805,119.029785855144,74.2232596596086,38.1111741893367,16.3622950857864,18,0.59859594844238,6.94971097474424,2.06306142553874,0.711405117554438,0.397179627612336,0.00306910265342412,1.95530488502969,0.81731744194241,5.82485933337691,14,12,0.273039582355278,54.4734692751232,38.1111741893367
121,63.2058137335719,49,14,94.8813202334878,39.8497118575945,196.966400336356,331.697432427438,3.57660943486889,94.8813202334796,51.78253440341,51.7825344034182,2.04956284295711,505.439098454682,126.016794465189,70.9496058711675,38.4892718468309,16.4680938893803,19,0.600255810131968,9.67906035932971,2.08842352559966,1.10346039387944,0.618302271953517,8.24584844849596e-12,1.80581731945609,0.754831639532644,6.00572727942735,14,12,0.105798803593854,54.9573657362112,38.4892718468309
122,63.5807538439886,49,14,95.667208045799,40.1782129631418,199.183795631431,335.029216640372,3.61353446912015,95.6672080457939,52.5684222157243,52.5684222157294,2.08648787720837,506.852765765116,126.016794465189,73.1670011662425,38.770280619905,16.6482614521187,19,0.600911896586572,6.7606738361281,1.98392227636491,0.69412171102849,0.382644418917569,5.10228896170399e-12,2.05383320247408,0.858502278634164,5.79492391747846,14,12,0.180167562738449,55.4185420720237,38.770280619905
123,63.9757703077654,49,14,96.757273711623,40.6338604114549,203.03629546265,340.427429585728,3.65371680325076,96.7572737116147,53.6584878815451,53.6584878815534,2.12667021133897,506.118969635275,126.016794465189,77.0195009974614,39.1515434043598,16.7528689181093,19,0.602718688809837,9.88648526231652,2.14711186395758,1.12462769694848,0.622877837073198,8.30506034314264e-12,1.75004728205263,0.731519763897998,6.18500065650291,14,12,0.104607465990613,55.9044123224691,39.1515434043598
124,64.349996731575,50,14,97.4825802987242,40.9370385648647,205.140063733764,343.559682597353,3.6877954212823,97.4825802987194,46.2735341467682,46.2735341467729,1.81994190577282,502.24515082429,126.016794465189,79.1232692685756,39.4233925670326,16.9413182567224,19,0.603353691881833,6.58338524103256,2.09269991970426,0.652552710755982,0.356976979882525,4.7600442106462e-12,2.03180212725041,0.849293289190671,5.89328833418476,14,12,0.188449338613069,56.364710823755,39.4233925670326
125,64.7300140303039,50,14,98.3587926300789,41.3032953193704,207.934458794018,347.596546743467,3.72642779527915,98.3587926300727,47.1497464781214,47.1497464781276,1.85857427976967,503.374786196754,126.016794465189,81.9176643288293,39.7363576701788,17.0957744310127,19,0.604396424630623,7.84189760446408,2.05427875698886,0.841013363773465,0.465146325911252,6.20066960739981e-12,1.88373482180413,0.787401155514126,6.00756128682578,14,12,0.154456174290268,56.8321321011915,39.7363576701788
126,65.1204440703957,51,14,99.2863857957255,41.6910292626102,211.315544220908,352.292959279244,3.7651529134183,99.2863857957182,48.0773396437669,48.0773396437742,1.89729939790882,503.94871036574,126.016794465189,85.2987497557197,40.0870104028061,17.2253506476983,19,0.605952315656232,8.90732285554247,2.17411491894472,0.97841927828662,0.548189380191711,7.3103005130785e-12,1.69210349409012,0.707299260529669,6.16773244623609,14,12,0.129576216685649,57.3123610505044,40.0870104028061
127,65.515221877168,50,15,99.9308390127187,41.9604107073143,213.744823039681,355.636072759714,3.79543262604142,99.9308390127135,48.7217928607623,48.7217928607675,1.92757911053194,505.219200611846,133.077487051549,80.6673359881317,40.3857860094158,17.4121517434186,20,0.607098407353453,7.04793607305432,2.25494183582037,0.696481975098306,0.390822655995876,5.2106467289074e-12,1.64896585985572,0.689267729419692,6.21580858095932,15,12,0.186801095720243,57.7979377528344,40.3857860094158
128,65.8900886038972,50,15,101.039291795598,42.4237439705568,217.15920563761,360.622241403765,3.83420988378878,101.03929179559,49.8302456436391,49.8302456436469,1.9663563682793,503.918262865881,133.077487051549,84.0817185860613,40.7333242685598,17.5256995581514,20,0.608183057339987,9.25874206210139,2.1101131817412,1.03878513417689,0.580463500910933,7.73781039242749e-12,1.90959945136493,0.79821257067054,5.88216587704719,15,12,0.113547814732881,58.2590238267112,40.7333242685598
129,66.2717535306806,51,15,101.655288236771,42.6812304829682,219.234674146289,363.571192866028,3.86315255134598,101.655288236766,50.4462420848149,50.4462420848195,1.9952990358365,505.091511966154,147.218457331168,72.0162168151208,41.0065298968724,17.7219417897825,22,0.608966272412184,6.44565205475282,2.21776465365811,0.61436488797198,0.345167468681744,4.60135633299312e-12,1.78463064183986,0.745975608289063,6.0129319735863,15,12,0.196242231631037,58.7284716866549,41.0065298968724
130,66.6545953035494,51,15,102.15439988758,42.885905420137,220.924250040061,365.964555347778,3.88615895509229,102.1449411965,50.9358950445488,50.9453537356284,2.01830543958281,505.909932380109,147.218457331168,73.705792708893,41.1517199294591,17.8482800705409,22,0.609606713767859,5.56074106205092,2.12195169371768,0.499699080086008,0.28043034910221,0.0094586910795839,1.74607691821349,0.72986015181324,6.07718705541742,15,12,0.126338280758402,59,41.1517199294591
131,67.0359930273627,52,15,102.980899190364,43.2353358615696,223.825244394052,370.041479445986,3.92541871255148,102.980899190358,51.7718530384066,51.771853038413,2.057565197042,507.5172323218,147.218457331168,76.6067870628844,41.4704747751238,17.9986444251666,22,0.610740943123269,8.00083353974727,2.15167891285329,0.851329747767036,0.478733101696323,6.38304224291157e-12,1.74618799263244,0.729906580920359,6.05973212153524,15,13,0.15036435462573,59.4691192002904,41.4704747751238
132,67.4008293295095,52,15,103.730269517061,43.5485726581294,226.0553498271,373.33419200229,3.96062796830864,103.730269517056,52.5212233651048,52.52122336511,2.09277445279916,508.836772069529,147.218457331168,78.8368924959315,41.7443831887968,18.1734846631341,22,0.611333496810668,6.82851321753066,2.10777836978223,0.685981782563572,0.384085890604302,5.12064464904446e-12,1.9510488279567,0.8155384100859,5.80626752401219,15,13,0.174840237967506,59.9178678519309,41.7443831887968
133,67.74250782229,52,15,104.653016638243,43.9342809547832,228.409837728786,376.997135321813,3.99211093795553,104.653016638237,44.9389154054755,44.9389154054813,1.77382560118796,504.056511439689,147.218457331168,81.1913803976182,42.0159551756464,18.3221772224045,22,0.61164200376578,7.27673046405282,2.02519882316014,0.763113191567059,0.433141027436034,5.77671244172961e-12,2.13036185152786,0.890491253938647,5.43584595443222,15,13,0.148692559270411,60.338132398051,42.0159551756464
134,68.1161579735695,53,15,105.396327311754,44.2449848163107,230.867133489194,380.508445617259,4.02703548017216,105.396327311748,45.6822260789862,45.6822260789917,1.80875014340459,505.617639808905,147.218457331168,83.6486761580263,42.3072502405321,18.4904718435926,22,0.612463418203373,7.1675397433102,2.13340311901439,0.731522978217958,0.416185611109047,5.54815452839345e-12,1.78600762176741,0.746551185898778,5.90432656684086,15,13,0.168294621188057,60.7977220841247,42.3072502405321
135,68.4849277555405,53,15,106.473326464973,44.6951704623553,234.304373027971,385.472869955299,4.06492731722077,106.473326464965,46.759225232203,46.7592252322109,1.8466419804532,504.320120217534,154.218291627638,80.0860814003335,42.6541946098883,18.5971143060608,23,0.613502166228112,9.26895614496271,2.15150189687608,1.03425507042465,0.595740745487623,7.94268354790499e-12,1.80783194934104,0.755673754824556,5.76969019630093,15,13,0.106642462468205,61.2513089159491,42.6541946098883
136,68.8581803603298,53,15,107.658037090599,45.1903795038667,238.359900603906,391.208317198372,4.10233402366066,107.65803709059,47.9439358578282,47.9439358578376,1.88404868689308,501.821581836019,154.218291627638,84.1416089762682,43.0410801791895,18.6693294406503,23,0.614886973653311,10.3951928183104,2.17232938738177,1.19488484230652,0.702332962736202,9.36258478153225e-12,1.68682190425713,0.70509155597948,5.77436599321049,15,13,0.0722151345895602,61.7104096198398,43.0410801791895
137,69.2335096484032,54,15,109.069966816473,45.7805661292808,243.4569662887,398.307499234454,4.13878654530572,109.069966816461,49.3558655836995,49.3558655837113,1.92050120853814,496.897382772796,161.193809524246,82.2631567644548,43.4923194801364,18.6797451640337,24,0.616740997120549,12.4418780239034,2.26383926249504,1.47899625751667,0.886901777199088,1.18234311230481e-11,1.59197981351471,0.665447562049147,5.74704642141043,15,13,0.0104157233833561,62.1720646441701,43.4923194801364
138,69.5918994503413,53,16,110.092100821108,46.2078181432201,246.526819103835,402.826738068164,4.17457171925486,110.092100821101,50.3779995883389,50.3779995883464,1.95628638248729,495.886643147727,168.180833633416,78.3459854704194,43.818083915447,18.7948001851069,25,0.617448927242589,8.65050509088171,2.17130963036434,0.94150809035698,0.560270420820802,7.47017262862452e-12,1.82435832172259,0.762581778480042,5.47923413596848,16,13,0.115055021073228,62.612884100554,43.818083915447
139,69.9545752477617,53,16,110.889979547447,46.5413314508301,249.035414722409,406.466725720686,4.21134957520898,110.889979547441,51.1758783146786,51.1758783146847,1.9930642384414,497.332555161902,168.180833633416,80.8545810889933,44.1121662088412,18.9468091225398,25,0.618096941114486,7.40842894356069,2.18980865320533,0.758330760942409,0.451017108411571,6.01296790136985e-12,1.76906532248803,0.739469304799996,5.56208527744944,16,13,0.152008937432922,63.0589753313811,44.1121662088412
140,70.313370209843,54,16,111.507389194716,46.7994086833896,250.906865544913,409.213663423019,4.24035864242611,111.507389194712,51.79328796195,51.7932879619545,2.02207330565853,498.556417816674,168.180833633416,82.7260319114975,44.3671524977734,19.1331406369677,25,0.618524835761844,6.15316986854077,2.21490792971051,0.57227868798644,0.339429898707454,4.5249729888989e-12,1.81896070329222,0.760325573976146,5.5135120083135,16,13,0.186331514427827,63.500293134741,44.3671524977734
141,70.670853072867,54,16,112.315104504102,47.1370336827122,253.342607602564,412.794745789378,4.27719727748763,112.315104504096,44.0001144163592,44.0001144163651,1.70815198735644,495.751003557136,168.180833633416,85.1617739691484,44.9421316725433,19.4375693052367,25,0.619064266192472,7.38087981054806,2.24671154336662,0.746058826324536,0.443596422828655,5.91467615625637e-12,1.82083368534333,0.761108480473514,5.49089652734144,16,14,0.304428668269049,64.37970097778,44.9421316725433
142,71.0134026896516,55,16,113.191409253822,47.4954144993508,255.530692180927,416.2175159341,4.31229282350488,113.17247487883,44.8574847910927,44.8764191660852,1.7432475333737,496.057203646181,168.180833633416,87.3498585475112,45.2495224729862,19.6115174771783,25,0.619231886768141,6.99815560174117,2.07697604204972,0.715108904767643,0.422761732784361,0.0189343749924914,2.02802266204844,0.847713472736247,5.24354826751366,16,14,0.173948171941606,64.8610399501645,45.2495224729862
143,71.3852217794214,55,16,114.475113364619,48.0399173864061,260.093763845826,422.608794596851,4.3503068045328,114.475113364608,46.1601232768711,46.160123276882,1.78126151440162,492.778353352032,168.180833633416,91.9129302124098,45.6732013114593,19.6451761191221,25,0.620676558910165,11.4920270144476,2.32069180128167,1.33546104952757,0.816990484650659,1.08926201392023e-11,1.59443532115963,0.666473964244724,5.5852200859473,16,14,0.0336586419437817,65.3183774305814,45.6732013114593
144,71.7450111808541,55,16,115.67429775225,48.5411764604364,263.954373992677,428.169848205363,4.38591166512105,115.67429775224,47.3593076645034,47.3593076645131,1.81686637498987,489.901241229624,175.165608393335,88.7887655993412,46.0536591084434,19.7072592859003,26,0.621639783222868,10.3007307824201,2.3278940677057,1.15855283510701,0.72563293845454,9.6752235852667e-12,1.65260467666529,0.690788754846091,5.32033476191607,16,14,0.062083166778153,65.7609183943437,46.0536591084434
145,72.1086858654135,56,16,116.672442961189,48.9584011577733,267.341872807906,432.972716926868,4.42138903840901,116.67244296118,48.3574528734433,48.3574528734519,1.85234374827783,489.157891078545,175.165608393335,92.1762644145709,46.4108228106872,19.7974154456645,26,0.622575583511273,9.25658261632135,2.37074932383958,1.00059765031383,0.641715876299105,8.55611877644454e-12,1.55543168839204,0.650170445747872,5.27881409879701,16,14,0.0901561597642069,66.2082382563517,46.4108228106872
146,72.4621610869363,56,16,117.767914039856,49.4163080686554,271.188304033929,438.37252614244,4.45437878309872,117.767914039845,49.4529239521086,49.4529239521188,1.88533349296754,486.840954611825,182.174762513837,89.0135415200918,46.7970297887983,19.8459829900264,27,0.623690183076949,10.2410744870819,2.49941252927306,1.12496025324374,0.764784343010785,1.01974724960504e-11,1.43239213600091,0.598739912848382,5.02943249449911,16,14,0.0485675443619599,66.6430127788247,46.7970297887983
147,72.8130394651355,56,16,118.966931649896,49.9174974296514,275.575035248217,444.459464327764,4.48381592196393,118.966931649884,50.6519415621469,50.6519415621588,1.91477063183275,482.738079023047,189.201474813272,86.3735604349448,47.2203768735165,19.8542163104932,28,0.625029190426403,11.1677471512761,2.44095405403702,1.26811212194218,0.891675148603292,1.18873799692665e-11,1.34467985556893,0.562076179627813,4.91965176012755,16,14,0.0082333204667991,67.0745931840097,47.2203768735165
148,73.1625634477536,57,16,120.025000938648,50.359770392351,279.058291531637,449.443062862636,4.51442157688722,120.025000938639,51.710010850902,51.7100108509116,1.94537628675604,480.418680504623,196.252132655555,82.8061588760821,47.5876676573139,19.9168400253161,29,0.625855330184647,9.50458194848887,2.35963781246962,1.03824969476553,0.718266424259401,9.57811607804615e-12,1.47308749653178,0.615750573550283,4.8495323820981,16,14,0.0626237148228686,67.50450768263,47.5876676573139
149,73.5163386035423,56,17,120.521824472721,50.5674426295956,280.564827373714,451.654094476031,4.53776489093944,120.521824472717,52.2068343849799,52.206834384984,1.96871960080825,481.55666970592,196.252132655555,84.3126947181598,47.8293689954611,20.110282128789,29,0.626129268009628,5.51626506280759,2.34632726582318,0.460631586125045,0.308838492200148,4.11759515372978e-12,1.60868397763047,0.672429902649537,4.87807018919576,17,14,0.193442103472924,67.9396511242501,47.8293689954611
150,73.8736092769667,56,17,121.326045615425,50.9036070672447,283.059786408745,455.289439091415,4.57363114498031,121.326045615418,53.011055527681,53.0110555276878,2.00458585484913,482.890995314235,203.353813578343,79.7059728304027,48.1375712826173,20.2415227699448,30,0.626613547653828,7.61869793834539,2.40673433206086,0.757363461537759,0.508695479774078,6.78272253177662e-12,1.58094808127311,0.660836297972159,4.90462198747884,17,14,0.131240641155819,68.3790940525621,48.1375712826173
151,74.2252970632879,57,17,122.058760086822,51.2098817162892,285.199569472278,458.46821127539,4.60805782335454,122.058760086816,44.660407619766,44.660407619772,1.6849893969686,481.798437275413,203.353813578343,81.8457558939357,48.4208706179059,20.3907994118313,30,0.62693871511505,6.90277889409737,2.34539941886381,0.662244204994934,0.445085365114811,5.93303184359684e-12,1.64623357411282,0.68812563397916,4.80757902022003,17,14,0.149276641886477,68.8116700297372,48.4208706179059
152,74.5738771847463,57,17,123.100803500766,51.6454558633167,288.144852571212,462.891111935295,4.643753981693,123.100803500758,45.7024510337075,45.7024510337158,1.72068555530706,480.787223535583,203.353813578343,84.7910389928696,48.5686427828053,20.4313572171947,30,0.627314033567582,8.57170297626837,2.23062676135076,0.92143763747978,0.622801336276964,8.30269186735677e-12,1.67315539200777,0.699378953859249,4.72908924142735,17,14,0.0405578053633698,69,48.5686427828053
153,74.9276687502724,57,17,124.362958211833,52.1730365325417,291.923622356344,468.459617100719,4.67990703573935,124.362958211822,46.9646057447721,46.9646057447827,1.75683860935341,477.696526685639,210.458877007015,81.4647453493296,48.9648122573183,20.4703513682788,31,0.627928291653336,10.315146310626,2.33162636019778,1.16010524279615,0.795057506162012,1.06012976175407e-11,1.58750115718976,0.663575483705321,4.7528257463705,17,15,0.0389941510841125,69.435163625597,48.9648122573183
154,75.279000615152,58,17,125.546763614836,52.6678671909975,295.380428631104,473.595059436938,4.71599804616911,125.546763614827,48.1484111477764,48.1484111477862,1.79292961978317,475.523713012153,210.458877007015,84.9215516240894,49.3403756081453,20.5269262112538,31,0.628422120224276,9.67768391251579,2.31504257026511,1.0698838200458,0.738467938664146,9.84693807974205e-12,1.60305592297718,0.67007737580446,4.68105126000859,17,15,0.0565748429749812,69.867301819399,49.3403756081453
155,75.6237802912135,58,17,126.227220010777,52.9522979645025,297.282088011131,476.46160598641,4.74796937252517,126.227220010771,48.8288675437213,48.8288675437269,1.82490094613924,477.258356674544,217.607938967006,79.6741490441251,49.6086651467155,20.6827156742392,32,0.628634126524142,6.44686497770627,2.33712082075421,0.597197197807664,0.414575985361238,5.52683824632065e-12,1.64133095010806,0.686076337145169,4.58699839637325,17,15,0.155789462985391,70.2913808209547,49.6086651467155
156,75.9605502812455,58,17,126.632917057119,53.1218793298744,298.362524936097,478.11732132309,4.76703109749045,126.632917057116,49.2345645900656,49.2345645900688,1.84396267110451,478.269758371224,224.79122065467,73.5713042814268,49.8177448030768,20.8878631056172,33,0.628717567994203,4.62431103418249,2.25052560524951,0.344940695142127,0.239378712952957,3.19092900250932e-12,1.69479166020905,0.708422913967383,4.51350461215987,17,15,0.205147431378065,70.705607908694,49.8177448030768
157,76.3072102380985,59,17,127.496577107916,53.4828892311057,301.05148675386,482.030953092882,4.80067846636449,127.496577107908,50.0982246408581,50.0982246408657,1.87761003997855,478.60139520728,224.79122065467,76.2602660991902,50.1367082112846,20.9952914443385,33,0.629194906833602,7.88821622367667,2.27727461824211,0.81533995203898,0.572674644484699,7.63537381468874e-12,1.50811644816167,0.630392675331578,4.69544416478032,17,15,0.107428338721301,71.1319996556231,50.1367082112846
158,76.6507274327168,59,17,128.239552922284,53.793453121512,303.354488527247,485.387494571043,4.83381872703921,128.239552922277,50.8412004552273,50.8412004552338,1.91075030065327,479.931258917203,224.79122065467,78.5632678725766,50.4274761577791,21.1270496472245,33,0.629591486466157,7.12124434319917,2.30899849637263,0.699279474617069,0.490637760853654,6.54113800161819e-12,1.5143062227344,0.632980001102978,4.69389426810423,17,15,0.131758202886004,71.5545258050037,50.4274761577791
159,76.9926114416284,59,17,128.983658145755,54.104489104923,305.662909854916,488.751057105594,4.86670167040192,128.983658145749,51.5853056786988,51.5853056787053,1.94363324401598,481.148579028969,224.79122065467,80.8716892002457,50.7176550109917,21.2573881249733,33,0.629984632607095,7.16928147403576,2.34696959654186,0.700742194698256,0.493222008850839,6.57548090051326e-12,1.50866184014212,0.630620649179405,4.68028856426632,17,15,0.130338477748734,71.975043135965,50.7176550109917
160,77.3306960729328,59,18,129.54530564506,54.339257759633,307.300184834661,491.184748239353,4.89309074632859,129.545305645055,42.6166750874366,42.6166750874412,1.61213086300467,483.071733736367,224.79122065467,82.5089641799905,50.9616702273784,21.4292170050909,33,0.630198089707745,5.85672360952507,2.36756069374051,0.507018986200165,0.351773905989404,4.69195053180253e-12,1.59661501249325,0.667385075222178,4.65433891447906,18,15,0.171828880117667,72.3908872324694,50.9616702273784
161,77.6751098246209,59,18,130.536079141188,54.7534010810132,310.374565105193,495.664045327395,4.92809964105688,130.53607914118,43.6074485835613,43.60744858357,1.64713975773295,482.348208607986,224.79122065467,85.5833444505233,51.3022364474769,21.5122796995689,33,0.630709233244979,8.72822244494997,2.30629113593063,0.933186893341202,0.649213444203291,8.65677899734389e-12,1.52611364562953,0.637915503873145,4.73554621824826,18,15,0.0830626944779266,72.8145161470458,51.3022364474769
162,78.0193977410447,60,18,131.661559979407,55.2238520713882,313.904290687596,500.789702738392,4.96339525308385,131.661559979397,44.7329294217791,44.7329294217889,1.68243536975993,480.288233959686,232.09679371453,81.8074969730666,51.670694030104,21.567296254143,34,0.631306394124953,9.71815072775136,2.3695379521282,1.06784529395746,0.739839515468603,9.86351741024312e-12,1.5212499666294,0.635882486051091,4.77093411287634,18,15,0.0550165545740944,73.237990284247,51.670694030104
163,78.3622620850883,60,18,132.66041103707,55.6413718134916,317.000142420252,505.301925270813,4.99870770794799,132.660411037061,45.7317804794429,45.7317804794516,1.71774782462407,479.658554521086,239.477602795315,77.522539624937,52.0115931439538,21.6481202834668,35,0.631799190887132,8.82351701200904,2.35438076480889,0.940046360921341,0.655271409944297,8.73612293617043e-12,1.52433181503939,0.637170698686463,4.72453350729635,18,15,0.080824029323874,73.6597134274207,52.0115931439538
164,78.6985554027159,60,18,133.499799428912,55.9922361612821,319.467634751356,508.95967034155,5.03333502344334,133.499799428904,46.571168871286,46.5711688712931,1.75237514011942,480.508243225969,239.477602795315,79.9900319560412,52.553047175136,21.8605936055459,35,0.632108910034427,7.53441486170563,2.29033590724402,0.762030223070365,0.531750671252849,7.09180862183227e-12,1.57853753125593,0.65982868806498,4.6403182252512,18,16,0.212473322079081,74.413640780682,52.553047175136
